run,best_obj
1,11454.306227885936
2,18040.838143715
3,22316.246740463084
4,20659.184037203235
5,12458.95988683142
6,16454.560260998634
7,12436.441964399182
8,18112.320291173546
9,17793.659443223703
10,14375.56697835648
