run,best_obj
1,35712.1004348963
2,49491.05518202546
3,43612.996629924295
4,22090.072563313253
5,39335.49017512604
6,23472.716148874577
7,34861.984457428116
8,30643.951443059937
9,27460.90079265728
10,32357.816138328744
11,31628.349614508887
12,22319.119720033326
13,32015.750182308082
14,32549.253819781938
15,47724.356226473945
16,65411.98380335994
17,60023.06137785867
18,38087.40819537215
19,24228.484784185115
20,41792.36612005773
