run,best_obj
1,38518.93819630221
2,48924.18619473406
3,31318.79001497994
4,52126.481374485724
5,47703.30421825666
6,30570.100058225406
7,41815.60287204019
8,45542.41079098268
9,37178.043223043795
10,49512.330545789766
11,51783.52939224088
12,64528.204799098894
13,50305.367319657664
14,33311.750017020386
15,46117.78905974924
16,26414.803337897443
17,56180.947212065854
18,54775.75374147277
19,30010.70335079035
20,48965.40430793847
