run,best_obj
1,17432.399539355534
2,19084.270649794606
3,22292.82152784154
4,12823.066997247352
5,23586.7459315539
6,15619.31512719885
7,18706.199271582023
8,14052.642043274791
9,20781.985530167236
10,12855.277699116446
11,15062.022986562042
12,16770.813662689467
13,19363.972986638382
14,19426.777150373404
15,21527.985303573838
16,24714.803927246063
17,17521.24406777069
18,14272.395417072996
19,24159.570929754373
20,14836.528839395021
