run,best_obj
1,34958.85178565532
2,39926.53992312063
3,26149.593041722896
4,35148.30284076756
5,29366.001289733962
6,42487.390015485194
7,22628.711476346565
8,36273.43846356463
9,26853.947563339636
10,45737.923330798905
11,36682.58204912595
12,65021.26812562796
13,74812.46472004543
14,41441.57286221343
15,30216.753819781938
16,43598.89854235401
17,40850.166707464705
18,21413.593041722896
19,52534.50586546509
20,24409.22460055159
