run,best_obj
1,16770.853214484487
2,15529.739229979925
3,11117.144867193856
4,22059.951539259408
5,15459.708941974284
