run,best_obj
1,19358.93819630221
2,30924.18619473406
3,13818.790014979939
4,33706.481374485724
5,29263.304218256657
6,12450.100058225406
7,24395.60287204019
8,27042.410790982678
9,18358.043223043795
10,29072.330545789766
11,32923.52939224088
12,45308.204799098894
13,31585.367319657664
14,16051.750017020386
15,28257.789059749237
16,6574.803337897443
17,36900.947212065854
18,37195.75374147277
19,12370.70335079035
20,29005.404307938472
