run,best_obj
1,3479.1513062300146
2,21092.716966582288
3,10398.929147873438
4,12038.554231328704
5,8552.010622823458
6,6470.205122192339
7,9723.22630459351
8,15124.897345760546
9,34140.21758365393
10,9945.367077568066
11,31783.636086265993
12,36217.3094136736
13,29645.90337446602
14,9178.73756153127
15,13165.679706599069
16,24450.160199589838
17,10927.090613706707
18,1775.6667062929791
19,41467.9952644219
20,8795.126281726862
