run,best_obj,aircraft_utilization,deadhead_time,passenger_demand_served,average_passenger_waiting_time
1,9870.853214484487,0.13920940170940171,31.0,5,6.6
2,8029.739229979925,0.1266025641025641,35.0,6,1.6666666666666667
3,3317.144867193856,0.11495726495726495,29.0,4,11.5
4,15159.951539259408,0.12051282051282051,48.0,5,4.4
5,8559.708941974284,0.12283653846153846,40.0,6,3.1666666666666665
