run,best_obj
1,25279.734007366234
2,19486.523236588342
3,-4270.026225454458
4,13684.797592274364
5,16570.43387511519
6,3884.771986832646
7,83.72630459351785
8,2759.7778556271187
9,40446.635351214594
10,25362.193760600334
11,14948.784466031422
12,15511.404574828859
13,1255.668059194948
14,21258.495247379244
15,7443.09579472696
16,7307.435016667918
17,20483.325457948078
18,4728.592204844892
19,17441.163787488884
20,34203.11555928881
