run,best_obj
1,9870.853214484487
2,8029.739229979925
3,3317.144867193856
4,15159.951539259408
5,8559.708941974284
