run,best_obj
1,12.399539355534216
2,1784.2706497946056
3,5932.821527841541
4,-3176.9330027526485
5,5746.745931553902
6,-960.68487280115
7,1886.1992715820234
8,-1827.357956725209
9,3321.985530167236
10,-2644.7223008835535
11,-1677.9770134379578
12,490.8136626894666
13,3143.9729866383823
14,3166.777150373404
15,5627.985303573838
16,8534.803927246063
17,821.2440677706909
18,-3027.6045829270042
19,8719.570929754373
20,-1303.4711606049786
