season,scenario_id,n_VP,n_eVTOL,n_passengers,rep,H_obj_RP,actual_profit_RP,H_time_sec,n_committed_poolA,n_active_evtols,first_stage_cost,committed_misses,mean_poolA_served,mean_poolB_served,aircraft_utilization,deadhead_time,passenger_demand_served,average_passenger_waiting_time
Sommer,1,2,1,2,1,-1000.0,0.0,1162.306335926056,0,1,1000.0,0,0.0,0.0,0.0,0.0,0.0,0.0
Sommer,2,5,3,10,1,-3400.0,0.0,4755.310243844986,0,1,3400.0,0,0.0,0.0,0.0,0.0,0.0,0.0
Sommer,3,5,5,20,1,-4837.511303563851,1788.82715797461,9255.79657793045,2,3,6600.0,0,1.9999999999999998,1.9707692307692306,0.7284733974358973,18.29230769230769,3.9707692307692306,8.842564102564102
Sommer,4,5,10,25,1,-6891.290787146428,2138.1861359304985,3785.8150219917297,4,6,8700.0,0,3.9999999999999996,3.6923076923076916,0.6899207264957264,113.25846153846152,7.692307692307692,8.614771062271062
Sommer,5,10,15,35,1,-4363.047591498441,6274.029331578477,8706.115655183792,4,3,10500.0,0,3.9999999999999996,0.029230769230769227,0.8141982905982906,43.71384615384615,4.029230769230769,6.657153846153846
Sommer,6,10,20,40,1,-40173.20277637019,2847.96645439904,6845.969121932983,2,4,13000.0,2,1.4015384615384616,0.5984615384615384,0.8096717948717947,41.92307692307691,1.9999999999999998,1.712307692307692
