season,scenario_id,n_VP,n_eVTOL,n_passengers,rep,H_obj_RP,actual_profit_RP,H_time_sec,n_committed_poolA,n_active_evtols,first_stage_cost,committed_misses,mean_poolA_served,mean_poolB_served,aircraft_utilization,deadhead_time,passenger_demand_served,average_passenger_waiting_time
Sommer,1,2,1,2,1,-400.0,-400.0,1161.2476089000702,0,1,400.0,0,0.0,0.0,0.0,0.0,0.0,0.0
Sommer,2,5,3,10,1,-400.0,-400.0,3930.2044711112976,0,1,400.0,0,0.0,0.0,0.0,0.0,0.0,0.0
Sommer,3,5,5,20,1,562.4886964361492,588.8271579746099,10620.712296962738,2,3,1200.0,0,1.9999999999999998,1.9707692307692306,0.7284733974358973,18.29230769230769,3.9707692307692306,8.709102564102563
Sommer,4,5,10,25,1,-35297.06413312816,9041.058943794913,6846.441524982452,5,5,2000.0,4,4.113846153846153,2.255384615384615,0.918734658119658,49.62461538461538,6.369230769230769,9.031602564102563
Sommer,5,10,15,35,1,1758.3019822036858,1771.1942898959928,5871.248700141907,1,1,400.0,0,0.9999999999999999,0.0,0.7117923076923076,24.216923076923074,0.9999999999999999,1.1969230769230768
Sommer,6,10,20,40,1,-12813.41461677096,1122.5546139982725,7072.020793914795,1,2,800.0,1,0.7215384615384615,0.8353846153846153,0.7080214743589743,22.546153846153842,1.5569230769230766,3.568717948717948
