season,scenario_id,n_VP,n_eVTOL,n_passengers,rep,H_obj_RP,actual_profit_RP,H_time_sec,n_committed_poolA,n_active_evtols,first_stage_cost,committed_misses,mean_poolA_served,mean_poolB_served,aircraft_utilization,deadhead_time,passenger_demand_served,average_passenger_waiting_time
Sommer,1,2,1,2,1,-1000.0,-1000.0,1160.826683998108,0,1,1000.0,0,0.0,0.0,0.0,0.0,0.0,0.0
Sommer,2,5,3,10,1,-3400.0,-3400.0,4380.205190896988,0,1,3400.0,0,0.0,0.0,0.0,0.0,0.0,0.0
Sommer,3,5,5,20,1,-62226.98119681547,-2354.4888891231594,8955.569256067276,2,2,6200.0,4,0.803076923076923,1.9707692307692306,0.8241865384615384,7.199999999999999,2.7738461538461534,9.15230769230769
Sommer,4,5,10,25,1,-4745.984921643891,-4549.154152413119,7506.136526107788,5,6,8400.0,0,5.0,1.709230769230769,0.7644916666666666,79.7276923076923,6.709230769230768,10.995412087912086
Sommer,5,10,15,35,1,-8441.698017796314,-8428.805710104007,7026.1392641067505,1,1,10600.0,0,0.9999999999999999,0.0,0.7117923076923076,24.216923076923074,0.9999999999999999,0.8769230769230768
Sommer,6,10,20,40,1,-30267.707976181973,-14244.84643772044,8706.84388589859,1,2,12500.0,1,0.6799999999999999,0.5692307692307692,0.6699173076923077,32.441538461538464,1.2492307692307691,4.0492307692307685
