season,scenario_id,n_VP,n_eVTOL,n_passengers,WS,RP,EEV,EVPI,VSS,ordering_ok
Sommer,1,2,1,2,3447.0629285006335,3393.39459340738,-400.0,53.66833509325352,3793.39459340738,true
Sommer,2,5,3,10,-3230.292558201997,-3836.618430299358,-3613.4613893708283,606.3258720973608,-223.15704092852957,false
